Username,Name,Tweet Text,Tweet URL,Created at
jasutopia1,Jasutopia,"17+8 Tuntutan RAKYAT

#TuntutanRakyat #17plus8 #ReformasiDPR #SuaraRakyat #AksiDamai #MahasiswaBergerak #SaveDemokrasi #HentikanKekerasan #TransparansiAnggaran #TolakKriminalisasi #ReformasiPolri #TNIKembaliKeBarak #BeraniBersuara #ReformasiTotal #JeromePolin #SuarakanKeadilan https://t.co/P5s5qTt1Dm",https://twitter.com/jasutopia1/status/1963672495657210175,2025-09-04 18:36:20+00:00
PETAJakarta,PETA Jakarta ğŸ‡°ğŸ‡¼,"Bahaya Latent (Fakta) Politik
Anak muda dipaksa jadi Ketua Partai.
Anak muda dipaksa jadi anak haram Konstitusi.
Tirani Keserakahan Dinasti mem-Belenggu Meritokrasi.
Bahaya Latent Indonesia.
#MelawanLupa #17Plus8 #IndonesiaGelap
TO YOU #Jungkook #ResetIndonesia  #30S2025 #NYFW https://t.co/R9oRb2BZ22",https://twitter.com/PETAJakarta/status/1966671239402975373,2025-09-13 01:12:17+00:00
pengenjadiraftr,Pengen Jadi Rafathar,"17+8
#178TuntutanRakyat #17Plus8 #TuntutanRakyat #ReformasiSekarang #SuaraRakyat #IndonesiaBerubah #ParlemenRakyat #BelaDemokrasi #StopKriminalisasi #TransparansiPemerintah #RakyatTidakDiam #BeraniBersuara #JanganDiamAja https://t.co/TpPCrgr4uY",https://twitter.com/pengenjadiraftr/status/1964654929186075063,2025-09-07 11:40:11+00:00
RezaAnugrah_03,Ca,"Demo se cutesy ini, awas aja ada yang nuduh makar yeeeğŸ¤ğŸ». #acab1312 #17plus8 #septembercerah #demo #DPRIAN https://t.co/0sGSj6IRvE",https://twitter.com/RezaAnugrah_03/status/1964203643692847473,2025-09-06 05:46:56+00:00
panggung2024,Panggung Politik,"â€œ17+8 Tuntutan Rakyatâ€ jelas: tarik TNI, usut korban demo, stop represif, transparansi DPR, ratifikasi UU koruptor, reformasi parpol &amp; aparat. Pemerintah harus dengar, rakyat menuntut perubahan nyata!

#17plus8 #TuntutanRakyat #Reformasi #HAM #PolitikIndonesia https://t.co/lKQfgSvX0z",https://twitter.com/panggung2024/status/1963166482248122735,2025-09-03 09:05:37+00:00
Bercahayanew,bercahaya news,"Prabowo menanggapi isu 17+8 dan menilai sejumlah tuntutan rakyat masuk akal, menunjukkan sikap terbuka terhadap aspirasi masyarakat.

https://t.co/OX0YXKFsV3

#Prabowo #TuntutanRakyat #17Plus8 #PolitikIndonesia #AspirasiMasyarakat #BeritaTerkini #SorotanPublik #ResponsPemimpin https://t.co/xOWwYeMOxx",https://twitter.com/Bercahayanew/status/1965311769859260531,2025-09-09 07:10:14+00:00
DiskursusNet,Diskursus Network,"Ahli Fisika dan Matematika ITB, Alif Towew susun graft Tuntutan Rakyat 17+8 nih.

Buat pemerintah, influencer, aktivis, masyarakat bisa membuat skala prioritas penyelesaiannya.

#Fisika #Demonstrasi #DPRRI #Matematika #DiskursusNetwork #OpenMinded #AlifTowew #17plus8 https://t.co/Ach2q9EEhY",https://twitter.com/DiskursusNet/status/1968956666163892588,2025-09-19 08:33:45+00:00
Zibon_Update,ZIBON UPDATE,"Presiden Prabowo akhirnya buka suara soal 17+8 Tuntutan Rakyat ğŸ‘ğŸ‡®ğŸ‡©
Sebagian dianggap masuk akal &amp; bisa dirundingkan âœ…

#PrabowoSubianto #17plus8 #TuntutanRakyat #BeritaTerkini
#IndonesiaUpdate #FYPIndonesia #ViralHariIni #TrendingTopic
#UpdateNasional  #ZIBONUPDATE https://t.co/v2o9QlQW7N",https://twitter.com/Zibon_Update/status/1965020252435313082,2025-09-08 11:51:51+00:00
DiskursusNet,Diskursus Network,"SUPERVISI DAN KONTROL PIMPINAN DI POLRI LEMAH

#AlfonsLoemau #ReformasiPolri #Polri #ListyoSigit #Perseroan #Pungli #AdrianusMeliala #DiskursusNetwork #17plus8 https://t.co/taYdRILyMi",https://twitter.com/DiskursusNet/status/1971833536857755833,2025-09-27 07:05:24+00:00
DiskursusNet,Diskursus Network,"Pakar Hukum Tata Negara, Feri Amsari nilai ada kejanggalan dari masih ditempatkannya orang-orang Jokowi di Kabinet.

Selengkapnya di Channel YouTube Diskursus Net

#Politik #FeriAmsari #17plus8 #TuntutanRakyat #TataNegara #Hukum #PresidenPrabowo #prabowo #gibran #jokowi #oligarki https://t.co/6F0q7V3LxR",https://twitter.com/DiskursusNet/status/1969340766330749436,2025-09-20 10:00:01+00:00
narasi_politik,Narasi Politik Indonesia,"Terus bantu suarakan aspirasi rakyat @_bemsi 
Jangan kasih kendor, terus ingatkan dan perjuangkan ğŸ’ªğŸ”¥ğŸ˜

Salam perjuangan ğŸ‡®ğŸ‡©

#TuntutanRakyat #17plus8",https://twitter.com/narasi_politik/status/1963744631272906876,2025-09-04 23:22:59+00:00
DiskursusNet,Diskursus Network,"Indonesia memiliki Wa[res termuda dalam sejarah, namun aksi demonstrasi akhir Agustus dimotori anak-anak muda.
#FaridGaban #DandhyLaksono #TaufikBasari #DiskursusNetwork #17plus8 #ResetIndonesia #Reformasi #Ekspedisi #LingkunganHidup #ReformasiPartaiPolitik #Aktivis https://t.co/U1JXLYxkFu",https://twitter.com/DiskursusNet/status/1970681114076573759,2025-09-24 02:46:05+00:00
mikulnews_,Mikul News,"Gerakan 17+8 tuntutan rakyat lagi ramai diperbincangkan! Ribuan orang dari berbagai elemen menuntut perubahan sistemik mulai dari birokrasi hingga transparansi anggaran. Semoga suara ini didengar ya, untuk Indonesia yang lebih baik! ğŸ‡®ğŸ‡©âœŠ #17plus8 #ReformasiKini https://t.co/au6AjCFL7a",https://twitter.com/mikulnews_/status/1964738288952152077,2025-09-07 17:11:25+00:00
Ratryoshka,rara.mp3 â˜‚ï¸,#artistbersuara #ResetIndonesia #wargajagawarga #17plus8 #tuntutan17plus8 #dragonfruit https://t.co/e6oT9F4VGw,https://twitter.com/Ratryoshka/status/1966470200569541006,2025-09-12 11:53:25+00:00
turissekejap,amat,ğŸ©·ğŸ’š #ResetIndonesia #wargajagawarga #17plus8 https://t.co/Dhmw3fPWWL,https://twitter.com/turissekejap/status/1963237642650501487,2025-09-03 13:48:23+00:00
DiskursusNet,Diskursus Network,"KEPOLISIAN BAK KANTOR PERSEROAN, SEMUA SERBA BERBAYAR

Selengkapnya ikuti 17+8 di Channel Youtube Diskursus Net 

Besok Pukul 09.00 WIB

#AlfonsLoemau #ReformasiPolri #Polri #ListyoSigit #Perseroan #Pungli #AdrianusMeliala #DiskursusNetwork #17plus8 https://t.co/YzBxACIgye",https://twitter.com/DiskursusNet/status/1971578822853361955,2025-09-26 14:13:16+00:00
DiskursusNet,Diskursus Network,"4 Anggota DPR RI bermasalah sudah dinonaktifkan setelah mendapat tekanan publik. Bagi Feri Amsari Partai Politik hanya ""mengakal-akali""
Selengkapnya tonton di YouTube Diskursus Net
#FeriAmsari  #17plus8 #TuntutanRakyat #TataNegara #dpr #partaipolitik #prabowo #gibran #jokowi https://t.co/77FUnLnfO3",https://twitter.com/DiskursusNet/status/1969672948593410199,2025-09-21 08:00:00+00:00
DiskursusNet,Diskursus Network,"KRIMINOLOG UI USULKAN PENAMBAHAN WAKAPOLRI DIBANDING HARUS REFORMASI POLRI

#AlfonsLoemau #ReformasiPolri #Polri #ListyoSigit #Perseroan #Pungli #AdrianusMeliala #DiskursusNetwork #17plus8 https://t.co/SxU5ROiCmZ",https://twitter.com/DiskursusNet/status/1972871373598196067,2025-09-30 03:49:24+00:00
JacksonRen92341,Renee Jackson,"Aspirasi rakyat jadi prioritas, pemerintah gelar rakor untuk implementasi nyata.
#17plus8 #KomitmenPemerintah #AspirasiBangsa https://t.co/njl6MjmukW",https://twitter.com/JacksonRen92341/status/1965310477174800408,2025-09-09 07:05:06+00:00
DiskursusNet,Diskursus Network,"Pakar Hukum Tata Negara Feri Amsari ajukan 3 rekomendasi terkait reformasi.

Selengkapnya saksikan di Channel YouTube Diskursus Net.

#Politik #FeriAmsari #diskursusnetwork #17plus8 #TuntutanRakyat #TataNegara #Hukum #PresidenPrabowo https://t.co/fuGi4QVyF8",https://twitter.com/DiskursusNet/status/1969235075163439306,2025-09-20 03:00:03+00:00
ForMujeres,for.mujeres,"[Catatan Kemarahan Rakyat Pada Polri dalam Penanganan Kekerasan Seksual]

#resetkepolisiancabul
#santri
#pesantren 
#kiai 
#santrilawankekerasanseksual 
#atasnamabaikpesantren
#reformasipolri
#resetindonesia https://t.co/I7zDIVfaX5",https://twitter.com/ForMujeres/status/1969331078650347958,2025-09-20 09:21:32+00:00
awayfromkeybo,afrzzz,"M&amp;M gokillll!!!!

#ResetIndonesia https://t.co/ZPdCRNijDC",https://twitter.com/awayfromkeybo/status/1966887668064940211,2025-09-13 15:32:17+00:00
idbaruid,Ekspedisi Indonesia Baru,Apa saja yang dihisap dari tanah Papua? #ResetIndonesia https://t.co/nx1yfnUrBd,https://twitter.com/idbaruid/status/1977317843143389416,2025-10-12 10:18:05+00:00
aannarraa,anna ğŸ‡µğŸ‡¸,Today i walked 4.567 steps for #ResetIndonesia https://t.co/soJxy4aC90,https://twitter.com/aannarraa/status/1965356364911517815,2025-09-09 10:07:26+00:00
Dandhy_Laksono,Dandhy Laksono,#ResetIndonesia https://t.co/WOALOT221r,https://twitter.com/Dandhy_Laksono/status/1971402233494503750,2025-09-26 02:31:34+00:00
idbaruid,Ekspedisi Indonesia Baru,"Begini foto â€œnerakaâ€ smelter dan tambang nikel di Pulau Obi, Halmahera Selatanâ€¼ï¸ #ResetIndonesia https://t.co/U41aYhMzvR",https://twitter.com/idbaruid/status/1974060582270873889,2025-10-03 10:34:53+00:00
mcnfolk,Abeng.,"â€¼ï¸ FREE HEADER.
Repost &amp; use it are very appreciated.

#BebaskanKawanKami: Teman-teman kreator mau pun segala normies, silakan pakai header ini guna menyuarakan dukungan 3000+ kawan kita yang masih ditahan oleh aparat. Sekecil apapun perlawanan, tetap perlawanan.

#ResetIndonesia https://t.co/xaPelcEiRp",https://twitter.com/mcnfolk/status/1968666072245997756,2025-09-18 13:19:02+00:00
blank0429,ğš‹ğš•ğšŠğš—ğš”,"Siapa yg usir warga dari pulau Rempang?

Siapa tampil paling depan amankan kepentingan pengusaha saat ada konflik agraria?

Siapa yg bubarÂ²kan aksi Mahasiswa, elemen masyarakat &amp; aksiÂ² serupa?

Siapa yg aktif berpolitik dgn ketidakprofesionalannya?

Ya. Polisi!

#ResetIndonesia https://t.co/CMJd0PvMGu",https://twitter.com/blank0429/status/1977602247212327423,2025-10-13 05:08:12+00:00
GusDark4,Gus Dark | Darkade Propaganda,"Tujuan perlawanan Rakyat jauh lebih besar, Tujuan kami hanya satu menuju Republik Indonesia yang bersih, transparan, bebas Oligarchy boomer pemuja Orba dan status quo,berkeadilan &amp; sejahtera untuk seluruh Rakyat! Reformasi harus tuntas. RESET INDONESIA. ğŸ”¥
.
#resetindonesia https://t.co/Z5trdvX1jP",https://twitter.com/GusDark4/status/1967119071897702900,2025-09-14 06:51:48+00:00
bobby_fauzie,Qolbi Fauzie,"Jumat
MBG: Seharusnya nutrisi gratis, tapi jadi racun kolektif.  
5.360 anak jadi korban, 82,9 juta penerima jadi taruhan.  
#Venezuela #IndonesiaGelap
#MelawanLupa #ProofOfFortification #ResetIndonesia https://t.co/wqaCN6FKTH",https://twitter.com/bobby_fauzie/status/1969055664501629016,2025-09-19 15:07:08+00:00
projectm_org,Project Multatuli,"Apa kabar rencana Reformasi Polri? 

Ternyata teringgal jauh di belakang. 

Kalah cepat dengan Polri yang sudah membentuk Tim Transformasi Reformasi Polri dan sibuk memburu para pegiat demokrasi. 

ğŸ“·: Humas Polri, Adrian Mulya 

#ReformasiPolri #ResetIndonesia #ProjectMultatuli https://t.co/ZlO9j1soCX",https://twitter.com/projectm_org/status/1972620322966040639,2025-09-29 11:11:49+00:00
idbaruid,Ekspedisi Indonesia Baru,"Ahli Hukum Tata Negara, @BivitriS , di depan Gerbang Brandenburg, Berlin: #ResetIndonesia! https://t.co/5CN8hKxPYt",https://twitter.com/idbaruid/status/1976949925054496855,2025-10-11 09:56:06+00:00
monroevIIe,ses #1312,#ResetIndonesia https://t.co/d1fifzFax4,https://twitter.com/monroevIIe/status/1967097363170009427,2025-09-14 05:25:32+00:00
AmnestyMy,Amnesty International Malaysia,"More than 2000 people in Indonesia have been arbitrarily arrested for protesting against inequality and police violence. #ResetIndonesia: Fight injustice, not the people. Free Indonesian peaceful protesters, stop police violence, fulfill social and economic justice! https://t.co/KWL42ju0xM",https://twitter.com/AmnestyMy/status/1968533373540012267,2025-09-18 04:31:44+00:00
idbaruid,Ekspedisi Indonesia Baru,#ResetIndonesia is everywhere. https://t.co/8EQrMVO9hv,https://twitter.com/idbaruid/status/1976908660850016291,2025-10-11 07:12:08+00:00
KomunitasBambu,Komunitas Bambu,"Kalau ingin rebut kemerdekaan lagi dan mewujudkan cita-citanya yang harus diperbarui karena dirusak kelas penguasa, maka #RESETINDONESIA ini bacaan utamanya. https://t.co/lJEyJUibjN",https://twitter.com/KomunitasBambu/status/1966016342777324019,2025-09-11 05:49:57+00:00
Dandhy_Laksono,Dandhy Laksono,#ResetIndonesia https://t.co/hrkfXXNDcm,https://twitter.com/Dandhy_Laksono/status/1971784905320550670,2025-09-27 03:52:10+00:00
dexglenniza,Dex GlennÄ±za,"Kalau cuma mau lolos ke Piala Dunia, kita gak perlu repot benerin liga, wasit, atau pembinaan.

Toh, banyak negara bisa ke sana tanpa sistem yang sehat.

Masalahnya: Indonesia mau â€œlolosâ€ aja, atau â€œmajuâ€?

#VARfromHome @Box2BoxBola #ResetIndonesia https://t.co/nfkWt3054W",https://twitter.com/dexglenniza/status/1976688494522290336,2025-10-10 16:37:16+00:00
idbaruid,Ekspedisi Indonesia Baru,#ResetIndonesia https://t.co/uwRGDT7Udb,https://twitter.com/idbaruid/status/1977358996643160297,2025-10-12 13:01:37+00:00
wkkdrs,bian ğŸ‰,"naikkan bray

#PeringatanDarurat #savekipkuliah #turunkanuktptn #AdiliJokowi #REFORMASIDIKORUPSI https://t.co/QC6qAVUB5M",https://twitter.com/wkkdrs/status/1890030381434597495,2025-02-13 13:28:52+00:00
kokooamilo_,mil,"@ceciliatoumahuw #TolakUUTNI  
#TolakRUUPolri
#TolakDwifungsiABRI
#TolakRUUKUHAP 
#ReformasiDikorupsi
#IndonesiaGelap
#GammaDibunuhPolisi
#JusticeForKanjuruhan 
#031Melawan
#SupremasiSipil https://t.co/YI9G2ZncSV",https://twitter.com/kokooamilo_/status/1905550096672215265,2025-03-28 09:18:41+00:00
hedsetminiso,Jual Air Doa,"@barengwarga @listentofeast @wordfangs @ffikriawan nemu vidio 2019 pas #REFORMASIDIKORUPSI lagunya pas feast @wordfangs !!. semoga besok seperti ini!!!
credit : nemu di instagram https://t.co/K0xW1VgdJ2",https://twitter.com/hedsetminiso/status/1892609142524711350,2025-02-20 16:15:57+00:00
SiAndiiii,ğ”¸ğ•Ÿğ••ğ•š,#KawalDemokrasi #ReformasiDikorupsi https://t.co/g9O1rxPrcW,https://twitter.com/SiAndiiii/status/1826295648465146288,2024-08-21 16:29:48+00:00
poin_opini,Poin & Opini,From #ReformasiDikorupsi to #RIPReformasi https://t.co/EX4aANlIjN,https://twitter.com/poin_opini/status/1902602567760408628,2025-03-20 06:06:15+00:00
mengagetkan,â â â ‘,#ReformasiDikorupsi https://t.co/2AlnI2tvm8,https://twitter.com/mengagetkan/status/1962516996907835651,2025-09-01 14:04:48+00:00
Gitarizti,GitagitağŸª½,"From #Reformasidikorupsi (2019) to #Indonesiagelap (2025), the way the government deal with citizens who demanding justice remains the same.
Beaten. Arrested. Terrorized. Crushed to death. 

Still asking why the people are angry? https://t.co/P8DzOoQ0nX",https://twitter.com/Gitarizti/status/1961724787262374296,2025-08-30 09:36:51+00:00
HNahdiana,Hasti Nahdiana ğŸ¦‰,"#IndonesiaGelap 
#ReformasiDikorupsi
#KaburAjaDulu 
#02508025Reformasi https://t.co/EkX4kmU7QI",https://twitter.com/HNahdiana/status/1958346310895251925,2025-08-21 01:51:59+00:00
shocookies,ğŸŒ»ara,"tahun 2019 ikut demo #REFORMASIDIKORUPSI tanpa izin ke org tua, berangkat dari kampus bersama lely dan hilda. skrg ibuku udah ngancam duluan biar ga diem2 ikutan demo kayak dulu2, tapi sejujurnya hati kecilku pgn ikutanâ€¦ğŸ¥² i feel guilty if i just keep quiet and do nothing https://t.co/Zmc0JXoDzg",https://twitter.com/shocookies/status/1961707644017938898,2025-08-30 08:28:43+00:00
apuciapucu,Êš jeni à¬“,"Vox Populi Vox Dei
#ReformasiDikorupsi #RIPJustice #ACAB #LAWAN #HidupRakyatIndonesia https://t.co/QxbddBZKRd",https://twitter.com/apuciapucu/status/1961819550129021265,2025-08-30 15:53:24+00:00
ainulmahrus,ainulmahrus,"Quo Vadis Reformasi 1998?
#ReformasiDikorupsi https://t.co/3GTJVsBump",https://twitter.com/ainulmahrus/status/1905583778778808787,2025-03-28 11:32:31+00:00
FJ_FAA,FAA,"Kurang lengkap. Seharusnya dimulai dari KPK yang dikebiri, lalu mahasiswa dan masyarakat turun ke jalan melalui demo #ReformasiDikorupsi tahun 2019. https://t.co/PJNidju4BL",https://twitter.com/FJ_FAA/status/1963845334737539461,2025-09-05 06:03:08+00:00
StruggleTravel,Gie,"Diam bukanlah pilihan saat negeri berada di ujung genting.
Ketidakadilan bukan untuk ditonton, tapi untuk diperjuangkan.
Suara rakyat adalah nyawa demokrasi âœŠğŸ½ğŸ”¥

#Demo28Agustus #JakartaBergerak #SuaraRakyat #ReformasiDikorupsi #TolakKetidakadilan #IndonesiaDarurat #AksiDamai https://t.co/ynMtPrmCm1",https://twitter.com/StruggleTravel/status/1961104804606038523,2025-08-28 16:33:15+00:00
out_of_thecourt,sekar with #AllEyesOnPapua ğŸ‰,@permatadnda Penasaran ya kenapa buzzer ga pernah mengomentari peserta aksi womenmarch yg selalu slay dengan outfit dan make upnya? ğŸ¥¹ Btw aku sudah membiasakan full make up buat aksi sejak ReformasiDikorupsi karena kalau cakep nggak bakalan kena pukul dan boleh langsung masuk PoldağŸ™ğŸ¾ğŸ¥¹ https://t.co/efgkdi2lqD,https://twitter.com/out_of_thecourt/status/1909562133031055517,2025-04-08 11:01:05+00:00
ibswNova,LSM - IBSW Public Service&Public Policy,"Korban Berjatuhan Lagi, 
Aparat BRUTAL
Selamat Jalan Pahlawan REFORMASI
Selamat Jalan TELADAN BANGSA
#TolakTunjanganDPR 
#aparatbrutal #salingjagaindonesia #REFORMASIDIKORUPSI #indonesia2025 https://t.co/HhRLATkfee",https://twitter.com/ibswNova/status/1962349406516392239,2025-09-01 02:58:51+00:00
ExiledPhilosop2,Yang Wage Li,"I love when liberals act like some fucking hero when they have a history of supporting the current regime.

Remember ReformasiDiKorupsi happened in 2019, and that butch tweeted this in 2020 https://t.co/upjqqmkmWG",https://twitter.com/ExiledPhilosop2/status/1892603928979689540,2025-02-20 15:55:14+00:00
bellingiham,Ù,"imagine struggling to buy basic necessities while your lawmakers get a housing allowance that could buy a car every month. but hey, priorities, right? Indonesia isnâ€™t broken, itâ€™s just being managed exceptionally well. ğŸ˜‚ #ReformasiDikorupsi #SaveIndonesia",https://twitter.com/bellingiham/status/1961114327613579451,2025-08-28 17:11:06+00:00
ConversationIDN,The Conversation Indonesia,"Dari #ReformasiDikorupsi (2019) sampai #IndonesiaGelap (2025).

Kaum muda selalu di garis depan. Bukan lagi gerakan â€œpohonâ€, tapi â€œrimpangâ€: Tumbuh menjalar, cair, spontan, tanpa satu pemimpin tunggal.

https://t.co/oVTqxOBEzx https://t.co/XBqeE7BExS",https://twitter.com/ConversationIDN/status/1963920751813177601,2025-09-05 11:02:49+00:00
KangDimas17,Dimas MUHAMMAD Erlangga,"Hidup Perempuan Yang Melawan!

#Perempuan #PerempuanIndonesia #ReformasiDikorupsi #MosiTidakPercaya #DemokrasiDikorupsi #PanjangUmurPerjuangan #PanjangUmurPerlawanan #Marhaenisme #Pancasila #TolakRUUTNI #CabutUUTNI #TolakRUUPOLRI #TolakOmnibusLaw #CabutOmnibusLaw https://t.co/aFX3P59t5u",https://twitter.com/KangDimas17/status/1926067831658959034,2025-05-24 00:08:50+00:00
Marejivari31,marejivari | OPEN COMMS |,Suara rakyat yang gatau sampai kapan dibendung #suararakyat #ArtistBersuara #ResetIndonesia #bravepink https://t.co/MxDjPq6LPV,https://twitter.com/Marejivari31/status/1962910507570176058,2025-09-02 16:08:28+00:00
Vhienaiueo,Vhira Eka Nasheer,"Anggota DPR yang mencederai perasaan rakyat merupakan penyimpangan

#WakilRakyat #SuaraRakyat #AspirasiMasyarakat https://t.co/jzs2bh5ZdC",https://twitter.com/Vhienaiueo/status/1963465087030890573,2025-09-04 04:52:10+00:00
KonsumenBerdaya,KonsumenBerdayaIndonesia,"PBB Naik Tak Masuk Akal?
Di tengah ekonomi yang lagi seret, wajar kalau masyarakat merasa diperas dan akhirnya protes besar-besaran. Pajak memang penting, tapi harus adil dan rasional. 

#suararakyat #pajak #adil #rumah #pbb #ekonomi #ekonomirakyat #kebijakan #berita #viral https://t.co/nXb3jFxZys",https://twitter.com/KonsumenBerdaya/status/1957262960596009459,2025-08-18 02:07:08+00:00
MonikCarlo,Carlo Monik,"Di hari TNI, senjata seolah jadi simbol baru: bukan lagi alat perang, tapi tanda kuasa.
Ketika Satpol PP dan Damkar ikut memegangnya, wajar publik bertanyaâ€”

#HUTTNI #DemokrasiKita #MiliterisasiSipil #SuaraRakyat #sstvi #LaVozArgentina #srchafreen https://t.co/K5FMakSW0S",https://twitter.com/MonikCarlo/status/1978424233874112525,2025-10-15 11:34:29+00:00
Angelialiani,Angelia,"Dulu kita berjuang melawan dominasi militer di ranah sipil. Sekarang, perjuangan itu kembali dipertaruhkan. 
#IngatReformasi98 #TolakJunta #SuaraRakyat https://t.co/rWZXWCR7Av",https://twitter.com/Angelialiani/status/1978423198484951364,2025-10-15 11:30:22+00:00
Vhienaiueo,Vhira Eka Nasheer,"Bebas berpendapat tapi tetap dalam koridor hukum

#AksiDamai #AksiTanpaAnarkis #BebasTapiSantun #SuaraRakyat #JagaIndonesia https://t.co/p6gwaZKsFt",https://twitter.com/Vhienaiueo/status/1969008572722811322,2025-09-19 12:00:00+00:00
Indra97682245,Lambang indra. Suararakyat info,https://t.co/0oMXgLOu1K,https://twitter.com/Indra97682245/status/1978365833643532683,2025-10-15 07:42:25+00:00
Vhienaiueo,Vhira Eka Nasheer,"Berpendapat Bebas
Bertanggung Jawab di Mata Hukum

#AksiDamai #AksiTanpaAnarkis #BebasTapiSantun #SuaraRakyat #JagaIndonesia https://t.co/ztCKFmGxah",https://twitter.com/Vhienaiueo/status/1969009023119729150,2025-09-19 12:01:48+00:00
Vhienaiueo,Vhira Eka Nasheer,"Tak Ada Ruang bagi Wakil Rakyat Bermasalah

#WakilRakyat #SuaraRakyat #AspirasiMasyarakat https://t.co/nL4u5AHRK0",https://twitter.com/Vhienaiueo/status/1963465315679158675,2025-09-04 04:53:05+00:00
OfficialKpu,KPU Kab. Pesisir Selatan Official,"ğŸ“¢ Teman Pemilih, Demokrasi bukan sekedar hak memilih, tapi juga tanggungjawab untuk peduli. Suaramu, masa depan kita. ğŸ‡²ğŸ‡¨
#Demokrasi #SuaraRakyat
#IndonesiaBerdemokrasi https://t.co/Um2cETuQok",https://twitter.com/OfficialKpu/status/1972575709190312313,2025-09-29 08:14:32+00:00
Vhienaiueo,Vhira Eka Nasheer,"Bebas Berpendapat
Bijak Menjaga Batas

#AksiDamai #AksiTanpaAnarkis #BebasTapiSantun #SuaraRakyat #JagaIndonesia https://t.co/StlkMZXoQw",https://twitter.com/Vhienaiueo/status/1969008793485725807,2025-09-19 12:00:53+00:00
DDewata3656,Joe - Ker.ğŸ’ªğŸ‡®ğŸ‡©,"Siapapun anda, sebagai Rakyat Indonesia yg telah membayar pajak.
Memiliki Hak untuk meminta fasilitas dari Negara.
Menteri Keuangan Sri Mulyani harus sadar diri..
#suararakyatğŸ‡®ğŸ‡©
@setjenkemenkeu 
@DPR_RI 
@AdianNapitupul1 https://t.co/1XMBqsKnC5",https://twitter.com/DDewata3656/status/1962958971553407315,2025-09-02 19:21:03+00:00
DiskursusNet,Diskursus Network,"Dulu kita punya pahlawan pink di televisi.  Hari ini kita lihat pahlawan nyata di jalanan dan juga media sosial. Mereka berasal dari mahasiswa, pelajar, buruh, ibu-ibu, artis, selebgram, diaspora dan seluruh elemen masyarakat.

#Indonesia #DemoIndonesia #AksiDamai #SuaraRakyat https://t.co/nt7YTTXfQY",https://twitter.com/DiskursusNet/status/1963116150151323751,2025-09-03 05:45:37+00:00
Jelitaananda9,Jelita Sean (Jie_XFX),Bayar influencer 150 juta cuma buat jadi buzzer? Uang rakyat dipakai buat bungkam rakyat. Ironi paling mahal abad ini: suara kritis disulap jadi iklan murahan. #TolakBuzzer #SuaraRakyat #Indonesiakusakit https://t.co/1zftl7ATC6,https://twitter.com/Jelitaananda9/status/1961622877809381496,2025-08-30 02:51:53+00:00
Indra97682245,Lambang indra. Suararakyat info,https://t.co/dYpBl9FTLD,https://twitter.com/Indra97682245/status/1978264247743176829,2025-10-15 00:58:45+00:00
ZulfanZainal,Zulfan Zainal,"Jejak Digital Pembunuhan Sadis KM 50....
#suararakyat #adilijokowi #ViralVideos #pecatkapolri #fypã‚· https://t.co/dsVPGqjEK4",https://twitter.com/ZulfanZainal/status/1967496104699957665,2025-09-15 07:50:00+00:00
SuaraRakyat_SR,Suara Rakyat - SR,"Alhamdulillah ğŸ‘

Terima kasih YB @fahmi_fadzil atas keprihatinan memberi telefon bimbit percuma kepada semua peserta GSF Malaysia.

Semua tahu yang telefon mereka telah dicampak ke laut atas tujuan keselamatan. https://t.co/dqEaT3eaof",https://twitter.com/SuaraRakyat_SR/status/1975871935381958675,2025-10-08 10:32:33+00:00
Indra97682245,Lambang indra. Suararakyat info,https://t.co/8uDpSPYUY3,https://twitter.com/Indra97682245/status/1978363235486040410,2025-10-15 07:32:06+00:00
wendi008,wendi,"Kabur Kabur Kabur ğŸ¤‘ğŸ¤‘ğŸ¤‘
#NegaraTidakBaikBaikSaja
Negara Lain Kabur ğŸ¤‘ğŸ¤‘ğŸ¤‘
Koruptor Di Puja dan Dijaga
ğŸ¯ğŸ¤¡ğŸ¤‘ğŸ¤¡ğŸ¯ğŸ¤‘
#2030Tenggelam",https://twitter.com/wendi008/status/1895568267332509940,2025-02-28 20:14:27+00:00
sandiwara969,sandiwara,"Waktu musim parpol pada bagi bagi kaos, padahal engga butuh. Sekarang cuma butuh masker susah sekali. 
#NegaraTidakBaikBaikSaja
#hargamaskerlebihmurah",https://twitter.com/sandiwara969/status/1241194308125880322,2020-03-21 02:45:57+00:00
RNyaen22295,Abu Surojo04,"@aly_benzema terang benderang begini,
masih jga banyak yg diem ......
pasti sejarah akan mencatat...!,
tpi para pelakunya tentu dan pasti gak ambil pusing dengana itu.....
#NegaraTidakBaikBaikSaja ......",https://twitter.com/RNyaen22295/status/1745318548854177844,2024-01-11 05:35:43+00:00
RadityaRakabumi,Raditya.Jr,"Tidak ada kata terlambat untuk menyelamatkan NKRI
Dari para politisi Busuk !!!

#KawalPutusanMK 
#SelamatkanDemokrasi https://t.co/maV3ErzzTw",https://twitter.com/RadityaRakabumi/status/1826240780626968888,2024-08-21 12:51:46+00:00
PineksoRoyi1,Loose GunSlinger,EMERGENCY ACTION NEEDED !!!! #SelamatkanDemokrasi #KawalPutuskanMK #LawanTiraniBangsaSendiri !!!! https://t.co/JyT4e5iEup,https://twitter.com/PineksoRoyi1/status/1826226998668398850,2024-08-21 11:57:00+00:00
Lam_Sijan,Lam Sijan ğŸ‡®ğŸ‡©ğŸ‡µğŸ‡¸,"Politik MUAK!
#KawalPutuskanMK
#SelamatkanDemokrasi https://t.co/RUy4W8zWIq",https://twitter.com/Lam_Sijan/status/1826215612428976601,2024-08-21 11:11:46+00:00
Reiza_Patters,Katak Pembina èµ°ã‚ŒåŒ…,#KawalPutusanMK #SelamatkanDemokrasi #JagaIndonesia https://t.co/kuVNr7h05W,https://twitter.com/Reiza_Patters/status/1826236374460293597,2024-08-21 12:34:16+00:00
petercumicumi,Om Jangkar âš“,"LAWAN !! âœŠğŸ»ğŸ˜ 
#kawalkeputusanMK 
#SelamatkanDemokrasi https://t.co/RwGoD21Qcw",https://twitter.com/petercumicumi/status/1826499044635803929,2024-08-22 05:58:01+00:00
Azizah_Dzaki49,ARB Presidenku,"#TolakPemiluCurang 
#SelamatkanDemokrasi https://t.co/CTZGhp8SfH",https://twitter.com/Azizah_Dzaki49/status/1773512913523011756,2024-03-29 00:50:03+00:00
Alanrah98081457,Roman_Bagiandariberikutnya,"Selamat malam Dunia Apapun Dirimu 
#SelamatkanDemokrasiâœï¸ğŸ‡®ğŸ‡© https://t.co/6qASlC1WJy",https://twitter.com/Alanrah98081457/status/1872303555878736206,2024-12-26 15:28:48+00:00
PineksoRoyi1,Loose GunSlinger,"EL PUEBLO UNIDO...JAMAS CERA VENCIDO..!!!! 
RAKYAT BERSATU...TAK BISA DIKALAHKAN !!!! BERGERAK BERSAMA #DemiKewarasanBernegara #SelamatkanDemokrasi !!!! https://t.co/h2lrySReFA",https://twitter.com/PineksoRoyi1/status/1826424199293866278,2024-08-22 01:00:37+00:00
Azizah_Dzaki49,ARB Presidenku,"#TolakPemiluCurang 
#SelamatkanDemokrasi https://t.co/XSxUYu8crB",https://twitter.com/Azizah_Dzaki49/status/1773512818064859488,2024-03-29 00:49:40+00:00
Azizah_Dzaki49,ARB Presidenku,"#TolakPemiluCurang 
#SelamatkanDemokrasi https://t.co/sjIo8q3tAn",https://twitter.com/Azizah_Dzaki49/status/1773512488325394503,2024-03-29 00:48:22+00:00
Azizah_Dzaki49,ARB Presidenku,"#TolakPemiluCurang 
#SelamatkanDemokrasi https://t.co/ccAp8m06yO",https://twitter.com/Azizah_Dzaki49/status/1773512726658342994,2024-03-29 00:49:18+00:00
Azizah_Dzaki49,ARB Presidenku,"#TolakPemiluCurang 
#SelamatkanDemokrasi https://t.co/008To2snnm",https://twitter.com/Azizah_Dzaki49/status/1773513211154923805,2024-03-29 00:51:14+00:00
ZavanzaDaily,Permadi Arya,"#SelamatkanDemokrasi
#KawalPutusanMK https://t.co/c6MUOX7plM",https://twitter.com/ZavanzaDaily/status/1826128397153808660,2024-08-21 05:25:12+00:00
Azizah_Dzaki49,ARB Presidenku,"#TolakPemiluCurang
#SelamatkanDemokrasi https://t.co/gzng8fqO5O",https://twitter.com/Azizah_Dzaki49/status/1775418122117562863,2024-04-03 07:00:40+00:00
Ifundvm04,ğ‚ğ¨ğŸğŸğğ,"Update real count TIMNAS AMIN Tgl 15/2/24, Jam 16.30 Wib
01 : 41,7%
02 : 45,0%
03 : 13,3%
#KawalPemilu2024 
#2Putaran
#selamatkandemokrasi 
#LawanPemiluCurang https://t.co/uZ1TtpdjmY",https://twitter.com/Ifundvm04/status/1758067460409057738,2024-02-15 09:55:20+00:00
thelunarhigh,lunar high,#SelamatkanDemokrasi https://t.co/MD7jGAWAJw,https://twitter.com/thelunarhigh/status/1826281869123666292,2024-08-21 15:35:02+00:00
PerryGerr,Perry Gerr,"VOT3
Nyoblos Ganjar - Mahfud

#GanjarMahfud2024 
#SelamatkanDemokrasi https://t.co/GQiz51T9Ia",https://twitter.com/PerryGerr/status/1757569829656264715,2024-02-14 00:57:56+00:00
_yurrrrriii_,anak ayam,Hari ini merayakan IWD 2024 di Solo. Mana nih @gibran_tweet #iwd2024 #selamatkandemokrasi https://t.co/4JoHPLKpXc,https://twitter.com/_yurrrrriii_/status/1765965703868461247,2024-03-08 05:00:08+00:00
PengicauKosroh,Pengicau Kosroh,#selamatkanpancasila #selamatkandemokrasi #selamatkanindonesia https://t.co/jrHM6lK0DT,https://twitter.com/PengicauKosroh/status/1827976946916970955,2024-08-26 07:50:40+00:00
mudanewscom,mudanews,"Ketika Rakyat Pati - Jawa Tengah Melawan (3), Mobil Aparatpun Jadi Korban kemarahan &amp; Ambulance terus bergerak ..

#pativiral #pati #jawatengah #jawatengahhits  #RakyatBersuara #RakyatBerSATU #RakyatBergerak #RakyatMelawan #polisi #polisiganteng #polisibaik #polisiindonesia https://t.co/WE7GMItTbW",https://twitter.com/mudanewscom/status/1955660375107706918,2025-08-13 15:59:02+00:00
mudanewscom,mudanews,"Ketika Rakyat Pati - Jawa Tengah Melawan (2), Aparatpun Jadi Korban kemarahan ..
#pativiral #pati #patihits # #patihitskekinian #jawatengah # #jawatengahhits #jawatengah_id #jawatengahkekinian #kerusuhan #RakyatBersuara #RakyatBerSATU #RakyatBergerak #rakyatmelawan https://t.co/L1Y0ddKzbI",https://twitter.com/mudanewscom/status/1955627103350837366,2025-08-13 13:46:49+00:00
Montervent,Montervent,RAKYAT MURKA #RakyatBergerak https://t.co/z0nF7DobKH,https://twitter.com/Montervent/status/1826169069927596435,2024-08-21 08:06:49+00:00
van88xier,Anti ğŸš«NEOPKI,"Asiknya NKRI kompak dalam KORUPSI sebetulnya mereka adalah SATU. #ResetIndonesia
#KoruptorDilindungi #beranimelawan #IndonesiaGelap #Rakyatterjajahdinegrisendiri #revolusiataumatitertindas #demo #rakyatbergerak #reformasidikorupsi #rakyatbersuara #AllEyesOnIndonesia #rakyatMarah https://t.co/UruNTjhosL",https://twitter.com/van88xier/status/1966703797587325279,2025-09-13 03:21:39+00:00
Cmpo_Agm77,ğŸ‡®ğŸ‡©Â°Câ–ªï¸Aâ–ªï¸Mâ–ªï¸Pâ–ªï¸OÂ°ğŸ‡µğŸ‡¸,"#KawalPutusanMK 
#LaksanakanPutusanMK
#JalankanPerintahMK
#RakyatBerdaulat
#RakyatBergerak
#Reformasi98'
#Reformasi24'
#BubarkanDPR_RI
#BubarKanTikus2Parlement
#LondoIrengSemakinNgelunjak https://t.co/iFkB0vZTr2",https://twitter.com/Cmpo_Agm77/status/1826185312802140575,2024-08-21 09:11:22+00:00
ichsan_wardana,Ichsan W Lubis,"Semakin kesini semakin kesana.
.
.
.
#indonesiagelap #indonesiasedangtidakbaikbaiksaja #peringatandarurat #savenkri #rakyatbergerak #turunkejalan #demomasal https://t.co/qflAv1Rqjp",https://twitter.com/ichsan_wardana/status/1961269145749918190,2025-08-29 03:26:17+00:00
DokterTifa,Dokter Tifa,"Seminggu lagi akan tambah 1/4 INDONESIA lagi

Bergerak TRITURA 
TIGA TUNTUTAN RAKYAT!

#AdiliJokowi
#MakzulkanGibran
#CopotKapolri

Presiden @prabowo harus membantu seluruh Rakyat Indonesia untuk menggerakkan TRITURA!

#IndomesiaBergerak
#RakyatBergerak
#TNIBergerak",https://twitter.com/DokterTifa/status/1963908425869566359,2025-09-05 10:13:51+00:00
elditweet,Eldi,"Sikap arogansi sweeping aparat @DivHumas_Polri membuat masyarakat provinsi Banten bergerak âœŠğŸ»
PSN PIK2 dinilai sebagai Proyek Strategis Nasional lebih untuk kepentingan bisnis segolongan para pengusaha tetapi tidak untuk masyarakat setempat
#RakyatBergerak https://t.co/McOJ0CVWFH",https://twitter.com/elditweet/status/1855272389246108079,2024-11-09 15:33:01+00:00
CahAngo45022699,Cah Angon ğŸ‡®ğŸ‡©,"Pati malam ini

Rakyat Bersatu, Rakyat Kuat
#RakyatBergerak
#RakyatMenuntut https://t.co/tTRSYrFt9X",https://twitter.com/CahAngo45022699/status/1955298798034620850,2025-08-12 16:02:15+00:00
Apin_PD,Apin,"#HakAngket
#DPR_RI
#DinamikaPolitik 
#Pilpres2024 
#Pemilu2024 
#PolitikDinasti 
#PolitisasiBansos
#DirtyVote 
#RIPdemokrasi 
#KampusBergerak
#RakyatBergerak
#SelamatkanDemokrasi
#TSM https://t.co/HAktFDx72n",https://twitter.com/Apin_PD/status/1769731260149280913,2024-03-18 14:23:07+00:00
BungaMiratasya,bunga,"Web DPR, besok jadwal sidang paripurna jam 09.30.
Waktu di tempat dipersilahkan untuk #rakyatbergerak https://t.co/FleZxzYzLI",https://twitter.com/BungaMiratasya/status/1826146792976822551,2024-08-21 06:38:18+00:00
senjabiru_biru,Senja Biru,#IndonesiaGelap2025 #pengadilanjalanan #rakyatbergerak https://t.co/yDZzbajBLt,https://twitter.com/senjabiru_biru/status/1892134046777454763,2025-02-19 08:48:05+00:00
CahAngo45022699,Cah Angon ğŸ‡®ğŸ‡©,"Siapa yg bikin system? ğŸ™„
System yg mencekik rakyat ğŸ¤¬

System dibikin dan dijalankan oleh pejabat  yg rakus dan tdk amanah

Bersihkan Indonesia dr pejabat"" dzolim
#RakyatBergerak
#RakyatMenggugat
#RakyatBersatu https://t.co/Zdl94H8vm4",https://twitter.com/CahAngo45022699/status/1955131932616036803,2025-08-12 04:59:11+00:00
Nirmala787,Nirmala,"Puas rasanya liat mba di video ini. Tapi merasa ga ya koroptor itu, apa sdh kebal kali?

#rakyatbergerak #IndependenceDay2025 https://t.co/LJBAE74HZV",https://twitter.com/Nirmala787/status/1956949985339297922,2025-08-17 05:23:29+00:00
CahAngo45022699,Cah Angon ğŸ‡®ğŸ‡©,"Revolusi berawal dari Pati dilanjutkan ke Jatim ğŸ˜

Ganyang pemimpin dan pejabat dzolim
#RakyatBergerak
#RakyatMenuntut https://t.co/C4t06TIT4y",https://twitter.com/CahAngo45022699/status/1955173346406240297,2025-08-12 07:43:45+00:00
ike_hw71,Ike Aremanita,"Main ancam-ancam ala ORBA ya Pak? Ingat kalau terjadi pembalikan situasi nama anda akan tenggelam digilas zaman. 
#RakyatMakinMuak 
#RakyatBergerak https://t.co/ZHQ2rMBadH",https://twitter.com/ike_hw71/status/1754784258277933067,2024-02-06 08:29:04+00:00
budhartono,#Kerjabersama,"#PeringatanDarurat

#kawalkeputusanMK 

#RakyatMelawan #rakyatbergerak

#DudukiDPRMPR https://t.co/zYbL2gdZb2",https://twitter.com/budhartono/status/1826284391083246071,2024-08-21 15:45:04+00:00
wong_clayten,[wong clayten],"Coward! 
#IndonesiaGelap 
#affankurniawan 
#rakyatmuak #rakyatbergerak",https://twitter.com/wong_clayten/status/1961280112541749279,2025-08-29 04:09:52+00:00
HabiebBass,Habieb Falsu,"Nggak rotan akar fun jadi
Nggak ada bus truck fun jadi

#RakyatBergerak 
#GanjarMahfud2024 pasti menang ğŸ’ª https://t.co/o5RvMbVGPJ",https://twitter.com/HabiebBass/status/1753663466018324859,2024-02-03 06:15:26+00:00
